[
  {
    "model": "peminjaman.supir",
    "pk": 1,
    "fields": {
      "nama": "Sudrajat"
    }
  },
  {
    "model": "peminjaman.supir",
    "pk": 2,
    "fields": {
      "nama": "Agus"
    }
  },
  {
    "model": "peminjaman.supir",
    "pk": 3,
    "fields": {
      "nama": "Imanudin"
    }
  },
  {
    "model": "peminjaman.supir",
    "pk": 4,
    "fields": {
      "nama": "Rahman"
    }
  },
  {
    "model": "peminjaman.supir",
    "pk": 5,
    "fields": {
      "nama": "Subarna"
    }
  },
  {
    "model": "peminjaman.supir",
    "pk": 6,
    "fields": {
      "nama": "Uci Sanusi"
    }
  },
  {
    "model": "peminjaman.supir",
    "pk": 7,
    "fields": {
      "nama": "Wagio"
    }
  },
  {
    "model": "peminjaman.supir",
    "pk": 8,
    "fields": {
      "nama": "Tedi Kusnaedi"
    }
  },
  {
    "model": "peminjaman.supir",
    "pk": 9,
    "fields": {
      "nama": "Komar Rasmana"
    }
  },
  {
    "model": "peminjaman.supir",
    "pk": 10,
    "fields": {
      "nama": "Undang"
    }
  },
  {
    "model": "peminjaman.supir",
    "pk": 11,
    "fields": {
      "nama": "Didin Kosidin"
    }
  },
  {
    "model": "peminjaman.supir",
    "pk": 12,
    "fields": {
      "nama": "Taryono"
    }
  },
  {
    "model": "peminjaman.supir",
    "pk": 13,
    "fields": {
      "nama": "Tjahya Mansyur"
    }
  },
  {
    "model": "peminjaman.supir",
    "pk": 14,
    "fields": {
      "nama": "Wawan Gunawan"
    }
  },
  {
    "model": "peminjaman.supir",
    "pk": 15,
    "fields": {
      "nama": "Harry Setiana"
    }
  },
  {
    "model": "peminjaman.supir",
    "pk": 16,
    "fields": {
      "nama": "Kurnaedi"
    }
  },
  {
    "model": "peminjaman.supir",
    "pk": 17,
    "fields": {
      "nama": "Tisna Senjaya"
    }
  },
  {
    "model": "peminjaman.supir",
    "pk": 18,
    "fields": {
      "nama": "Adin Ahmadi"
    }
  },
  {
    "model": "peminjaman.supir",
    "pk": 19,
    "fields": {
      "nama": "Abdul Kohar"
    }
  },
  {
    "model": "peminjaman.supir",
    "pk": 20,
    "fields": {
      "nama": "Sulaeman"
    }
  },
  {
    "model": "peminjaman.supir",
    "pk": 21,
    "fields": {
      "nama": "Joni Hoby"
    }
  },
  {
    "model": "peminjaman.supir",
    "pk": 22,
    "fields": {
      "nama": "Solihin"
    }
  },
  {
    "model": "peminjaman.supir",
    "pk": 23,
    "fields": {
      "nama": "Yadi Suryadi"
    }
  },
  {
    "model": "peminjaman.supir",
    "pk": 24,
    "fields": {
      "nama": "Didi Sardi"
    }
  },
  {
    "model": "peminjaman.supir",
    "pk": 25,
    "fields": {
      "nama": "Yadi Suharyadi"
    }
  },
  {
    "model": "peminjaman.teleponsupir",
    "pk": 1,
    "fields": {
      "no_telepon": "0",
      "supir_id": 1
    }
  },
  {
    "model": "peminjaman.teleponsupir",
    "pk": 2,
    "fields": {
      "no_telepon": "0",
      "supir_id": 2
    }
  },
  {
    "model": "peminjaman.teleponsupir",
    "pk": 3,
    "fields": {
      "no_telepon": "0",
      "supir_id": 3
    }
  },
  {
    "model": "peminjaman.teleponsupir",
    "pk": 4,
    "fields": {
      "no_telepon": "0",
      "supir_id": 4
    }
  },
  {
    "model": "peminjaman.teleponsupir",
    "pk": 5,
    "fields": {
      "no_telepon": "0",
      "supir_id": 5
    }
  },
  {
    "model": "peminjaman.teleponsupir",
    "pk": 6,
    "fields": {
      "no_telepon": "0",
      "supir_id": 6
    }
  },
  {
    "model": "peminjaman.teleponsupir",
    "pk": 7,
    "fields": {
      "no_telepon": "0",
      "supir_id": 7
    }
  },
  {
    "model": "peminjaman.teleponsupir",
    "pk": 8,
    "fields": {
      "no_telepon": "0",
      "supir_id": 8
    }
  },
  {
    "model": "peminjaman.teleponsupir",
    "pk": 9,
    "fields": {
      "no_telepon": "0",
      "supir_id": 9
    }
  },
  {
    "model": "peminjaman.teleponsupir",
    "pk": 10,
    "fields": {
      "no_telepon": "0",
      "supir_id": 10
    }
  },
  {
    "model": "peminjaman.teleponsupir",
    "pk": 11,
    "fields": {
      "no_telepon": "0",
      "supir_id": 11
    }
  },
  {
    "model": "peminjaman.teleponsupir",
    "pk": 12,
    "fields": {
      "no_telepon": "0",
      "supir_id": 12
    }
  },
  {
    "model": "peminjaman.teleponsupir",
    "pk": 13,
    "fields": {
      "no_telepon": "0",
      "supir_id": 13
    }
  },
  {
    "model": "peminjaman.teleponsupir",
    "pk": 14,
    "fields": {
      "no_telepon": "0",
      "supir_id": 14
    }
  },
  {
    "model": "peminjaman.teleponsupir",
    "pk": 15,
    "fields": {
      "no_telepon": "0",
      "supir_id": 15
    }
  },
  {
    "model": "peminjaman.teleponsupir",
    "pk": 16,
    "fields": {
      "no_telepon": "0",
      "supir_id": 16
    }
  },
  {
    "model": "peminjaman.teleponsupir",
    "pk": 17,
    "fields": {
      "no_telepon": "0",
      "supir_id": 17
    }
  },
  {
    "model": "peminjaman.teleponsupir",
    "pk": 18,
    "fields": {
      "no_telepon": "0",
      "supir_id": 18
    }
  },
  {
    "model": "peminjaman.teleponsupir",
    "pk": 19,
    "fields": {
      "no_telepon": "0",
      "supir_id": 19
    }
  },
  {
    "model": "peminjaman.teleponsupir",
    "pk": 20,
    "fields": {
      "no_telepon": "0",
      "supir_id": 20
    }
  },
  {
    "model": "peminjaman.teleponsupir",
    "pk": 21,
    "fields": {
      "no_telepon": "0",
      "supir_id": 21
    }
  },
  {
    "model": "peminjaman.teleponsupir",
    "pk": 22,
    "fields": {
      "no_telepon": "0",
      "supir_id": 22
    }
  },
  {
    "model": "peminjaman.teleponsupir",
    "pk": 23,
    "fields": {
      "no_telepon": "0",
      "supir_id": 23
    }
  },
  {
    "model": "peminjaman.teleponsupir",
    "pk": 24,
    "fields": {
      "no_telepon": "0",
      "supir_id": 24
    }
  },
  {
    "model": "peminjaman.teleponsupir",
    "pk": 25,
    "fields": {
      "no_telepon": "0",
      "supir_id": 25
    }
  },
  {"model": "peminjaman.mobil", "pk": 1, "fields": {"kapasitas": 0, "supir_id": 1, "jenis": "Kendaraan Titipan", "nama": "Bus AC Besar (LAPI)", "no_polisi": "D 7001 DS"}},
  {"model": "peminjaman.mobil", "pk": 2, "fields": {"kapasitas": 0, "supir_id": 2, "jenis": "Kendaraan Titipan", "nama": "Bus KOIKA (STEI)", "no_polisi": "D 7188 AP"}},
  {"model": "peminjaman.mobil", "pk": 3, "fields": {"kapasitas": 0, "supir_id": 3, "jenis": "Kendaraan Titipan", "nama": "Elf KOIKA (STEI)", "no_polisi": "D 7159 AP"}},
  {"model": "peminjaman.mobil", "pk": 4, "fields": {"kapasitas": 0, "supir_id": 4, "jenis": "Kendaraan Operasional", "nama": "Kijang Toyota Innova 2009", "no_polisi": "D 1787 LR"}},
  {"model": "peminjaman.mobil", "pk": 5, "fields": {"kapasitas": 0, "supir_id": 5, "jenis": "Kendaraan Operasional", "nama": "Kijang Toyota 2003", "no_polisi": "D 1828 GT"}},
  {"model": "peminjaman.mobil", "pk": 6, "fields": {"kapasitas": 0, "supir_id": 6, "jenis": "Kendaraan Operasional", "nama": "Kijang Toyota 2003", "no_polisi": "D 1785 GT"}},
  {"model": "peminjaman.mobil", "pk": 7, "fields": {"kapasitas": 0, "supir_id": 7, "jenis": "Kendaraan Operasional", "nama": "Toyota Avanza 2006", "no_polisi": "D 1039 HY"}},
  {"model": "peminjaman.mobil", "pk": 8, "fields": {"kapasitas": 0, "supir_id": 8, "jenis": "Kendaraan Operasional", "nama": "Travelo KIA 2008", "no_polisi": "D 7391 AK"}},
  {"model": "peminjaman.mobil", "pk": 9, "fields": {"kapasitas": 0, "supir_id": 9, "jenis": "Kendaraan Operasional", "nama": "Truk engkel Mitsubishi 2004", "no_polisi": "D 8526 CR"}},
  {"model": "peminjaman.mobil", "pk": 10, "fields": {"kapasitas": 0, "supir_id": 10, "jenis": "Kendaraan Operasional", "nama": "Bus AC Kecil HINO 2009", "no_polisi": "D 7044 AM"}},
  {"model": "peminjaman.mobil", "pk": 11, "fields": {"kapasitas": 0, "supir_id": 11, "jenis": "Kendaraan Operasional", "nama": "Bus AC Kecil HINO 2009", "no_polisi": "D 7045 AM"}},
  {"model": "peminjaman.mobil", "pk": 12, "fields": {"kapasitas": 0, "supir_id": 12, "jenis": "Kendaraan Operasional", "nama": "Bus Non AC Kecil Mitsubishi 2004", "no_polisi": "D 7136 A"}},
  {"model": "peminjaman.mobil", "pk": 13, "fields": {"kapasitas": 0, "supir_id": 13, "jenis": "Kendaraan Operasional", "nama": "Bus AC Kecil HINO 2013", "no_polisi": "D 7161 C"}},
  {"model": "peminjaman.mobil", "pk": 14, "fields": {"kapasitas": 0, "supir_id": 1, "jenis": "Kendaraan Operasional", "nama": "Bus AC Kecil HINO 2013", "no_polisi": "D 7165 C"}},
  {"model": "peminjaman.mobil", "pk": 15, "fields": {"kapasitas": 0, "supir_id": 14, "jenis": "Kendaraan Operasional Pimpinan", "nama": "Toyota Camry", "no_polisi": "D 99 PY (LAPI)"}},
  {"model": "peminjaman.mobil", "pk": 16, "fields": {"kapasitas": 0, "supir_id": 15, "jenis": "Kendaraan Operasional Pimpinan", "nama": "Toyota Fortuner", "no_polisi": "D 1699 MX"}},
  {"model": "peminjaman.mobil", "pk": 17, "fields": {"kapasitas": 0, "supir_id": 16, "jenis": "Kendaraan Operasional Pimpinan", "nama": "Toyota Altis", "no_polisi": "D 1472 AEE (BNI)"}},
  {"model": "peminjaman.mobil", "pk": 18, "fields": {"kapasitas": 0, "supir_id": 17, "jenis": "Kendaraan Operasional Pimpinan", "nama": "Toyota Altis", "no_polisi": "D 1754 AEA"}},
  {"model": "peminjaman.mobil", "pk": 19, "fields": {"kapasitas": 0, "supir_id": 18, "jenis": "Kendaraan Operasional Pimpinan", "nama": "Toyota Altis", "no_polisi": "D 1760 AEA"}},
  {"model": "peminjaman.mobil", "pk": 20, "fields": {"kapasitas": 0, "supir_id": 19, "jenis": "Kendaraan Operasional Pimpinan", "nama": "Toyota Altis", "no_polisi": "D 1752 AEA"}},
  {"model": "peminjaman.mobil", "pk": 21, "fields": {"kapasitas": 0, "supir_id": 20, "jenis": "Kendaraan Operasional Pimpinan", "nama": "Toyota Altis", "no_polisi": "D 15 BB (PT. LAPI)"}},
  {"model": "peminjaman.mobil", "pk": 22, "fields": {"kapasitas": 0, "supir_id": 21, "jenis": "Kendaraan Operasional Pimpinan", "nama": "Kijang Innova", "no_polisi": "B 2166 SFX (BRI)"}},
  {"model": "peminjaman.mobil", "pk": 23, "fields": {"kapasitas": 0, "supir_id": 22, "jenis": "Kendaraan Operasional Pimpinan", "nama": "Kijang Innova", "no_polisi": "D 1502 ACO"}},
  {"model": "peminjaman.mobil", "pk": 24, "fields": {"kapasitas": 0, "supir_id": 23, "jenis": "Kendaraan Operasional Pimpinan", "nama": "Toyota Altis", "no_polisi": "D 1470 AEE (BNI)"}},
  {"model": "peminjaman.mobil", "pk": 25, "fields": {"kapasitas": 0, "supir_id": 24, "jenis": "Kendaraan Operasional Pimpinan", "nama": "Kijang Innova", "no_polisi": "B 2134 SFX (BRI)"}},
  {"model": "peminjaman.mobil", "pk": 26, "fields": {"kapasitas": 0, "supir_id": 25, "jenis": "Kendaraan Operasional Pimpinan", "nama": "Toyota Kijang", "no_polisi": "D 1226 GD"}}
]
